-- phpMyAdmin SQL Dump
-- version 4.0.10deb1
-- http://www.phpmyadmin.net
--
-- โฮสต์: 127.0.0.1
-- เวลาในการสร้าง: 30 มิ.ย. 2019  14:41น.
-- เวอร์ชั่นของเซิร์ฟเวอร์: 5.5.54-0ubuntu0.14.04.1
-- รุ่นของ PHP: 5.5.9-1ubuntu4.21

SET SQL_MODE = "NO_AUTO_VALUE_ON_ZERO";
SET time_zone = "+00:00";


/*!40101 SET @OLD_CHARACTER_SET_CLIENT=@@CHARACTER_SET_CLIENT */;
/*!40101 SET @OLD_CHARACTER_SET_RESULTS=@@CHARACTER_SET_RESULTS */;
/*!40101 SET @OLD_COLLATION_CONNECTION=@@COLLATION_CONNECTION */;
/*!40101 SET NAMES utf8 */;

--
-- ฐานข้อมูล: `smartrj`
--

-- --------------------------------------------------------

--
-- โครงสร้างตาราง `food`
--

CREATE TABLE IF NOT EXISTS `food` (
  `id` int(11) NOT NULL AUTO_INCREMENT,
  `title` varchar(25) NOT NULL,
  `price` int(11) NOT NULL,
  `maketime` int(11) NOT NULL,
  `img` text NOT NULL,
  `category` varchar(25) NOT NULL,
  `rating` int(11) NOT NULL,
  `mtime` int(11) NOT NULL,
  PRIMARY KEY (`id`)
) ENGINE=InnoDB  DEFAULT CHARSET=utf8 AUTO_INCREMENT=28 ;

--
-- dump ตาราง `food`
--

INSERT INTO `food` (`id`, `title`, `price`, `maketime`, `img`, `category`, `rating`, `mtime`) VALUES
(1, 'กุ้งเทมปุระ', 149, 300, '/main/m01.jpg', 'maincourse', 5, 300),
(2, 'กิมจิ', 29, 120, '/main/m02.jpg', 'maincourse', 5, 120),
(3, 'เกี๊ยวซ่า', 99, 180, '/main/m03.jpg', 'maincourse', 5, 180),
(4, 'ซูชิแซลม่อนมากิ', 199, 300, '/main/m04.jpg', 'maincourse', 5, 300),
(5, 'ไก่ทอดคาราเอะ', 59, 300, '/main/m05.jpg', 'maincourse', 5, 300),
(6, 'ทาโกยากิ', 129, 300, '/main/m06.jpg', 'maincourse', 5, 300),
(7, 'ยากิโซบะกะทะร้อน', 139, 300, '/main/m07.jpg', 'maincourse', 5, 300),
(8, 'อูด้ง', 139, 300, '/main/m08.jpg', 'maincourse', 5, 300),
(9, 'ราเม็ง', 149, 300, '/main/m09.jpg', 'maincourse', 5, 300),
(10, 'บิงซูมะม่วง', 59, 180, '/sweet/s01.jpg', 'sweet', 5, 180),
(11, 'บิงซูชาเขียวอัลม่อน', 59, 180, '/sweet/s02.jpg', 'sweet', 5, 180),
(12, 'บิงซูสตอเบอรี่', 59, 180, '/sweet/s03.jpg', 'sweet', 5, 180),
(13, 'บิงซูมิกส์เบอรี่', 59, 180, '/sweet/s04.jpg', 'sweet', 5, 180),
(14, 'เค้กชาเขียว', 49, 120, '/sweet/s05.jpg', 'sweet', 5, 120),
(15, 'สตอเบอรี่ชีสเค้ก', 49, 120, '/sweet/s06.jpg', 'sweet', 5, 120),
(16, 'สตอเบอรี่โมจิถั่วแดง', 39, 120, '/sweet/s07.jpg', 'sweet', 5, 120),
(17, 'คัพเค้กชาเขียว', 39, 120, '/sweet/s08.jpg', 'sweet', 5, 120),
(18, 'สตอเบอรี่ลอยแก้ว', 29, 120, '/sweet/s09.jpg', 'sweet', 5, 120),
(19, 'น้ำเปล่า', 10, 60, '/drink/d01.jpg', 'drink', 5, 60),
(20, 'โค้ก', 15, 60, '/drink/d02.jpg', 'drink', 5, 60),
(21, 'น้ำส้มแฟนต้า', 15, 60, '/drink/d03.jpg', 'drink', 5, 60),
(22, 'น้ำเขียวแฟนต้า', 15, 60, '/drink/d04.jpg', 'drink', 5, 60),
(23, 'ชามะนาวเย็น', 25, 120, '/drink/d05.jpg', 'drink', 5, 120),
(24, 'ชาเขียวเย็น', 25, 120, '/drink/d06.jpg', 'drink', 5, 120),
(25, 'ชาเขียวร้อน', 20, 120, '/drink/d07.jpg', 'drink', 5, 120),
(26, 'ชาดำเย็น', 20, 120, '/drink/d08.jpg', 'drink', 5, 120),
(27, 'เก๊กฮวยร้อน', 20, 120, '/drink/d09.jpg', 'drink', 5, 120);

-- --------------------------------------------------------

--
-- โครงสร้างตาราง `member`
--

CREATE TABLE IF NOT EXISTS `member` (
  `id` int(11) NOT NULL AUTO_INCREMENT,
  `name` varchar(50) NOT NULL,
  `tel` varchar(10) NOT NULL,
  `email` varchar(50) NOT NULL,
  `address` varchar(100) NOT NULL,
  `username` varchar(25) NOT NULL,
  `password` varchar(25) NOT NULL,
  PRIMARY KEY (`username`),
  KEY `id` (`id`)
) ENGINE=InnoDB  DEFAULT CHARSET=utf8 AUTO_INCREMENT=22 ;

--
-- dump ตาราง `member`
--

INSERT INTO `member` (`id`, `name`, `tel`, `email`, `address`, `username`, `password`) VALUES
(19, '<h1>SpiceZe</h1>', '0001111111', '120429104@14214.coo', '12048128401294', '123123test', '123123test'),
(1, 'admin', 'admin', 'admin', 'admin', 'admin', 'admin'),
(14, 'nick nutthawat', '0882142284', 'nick_nakorn@hotmail.com', 'nick nick', 'nick007', '1234'),
(2, 'Nutthawat Thammanoonwit', '0882142284', 'nick_nutthawat@hotmail.com', 'Bankhai Rayong Thailand', 'nick1234', '1234'),
(20, 'นัธทวัฒน์ ธรรมนูญวิทย์', '0882142284', 'nick_nutthawat@hotmail.com', 'Rayong', 'nick555', '12345678'),
(18, 'นัธทวัฒน์ ธรรมนูญวิทย์', '0882142284', 'nick_nutthawat@hotmail.com', 'Bankhai Rayong Thailand', 'nutthawat', '12345678'),
(21, 'nick nutthawat', '0882142284', 'fsdfg@hot.com', 'dasdfasdfa', 'porly', '12345678'),
(12, 'test', '123456789', 'test@test', 'test', 'tests', '123456'),
(16, 'narin', '0391', 'd@gmail.com', 'ddd', 'zieea', '1234');

-- --------------------------------------------------------

--
-- โครงสร้างตาราง `order_recript`
--

CREATE TABLE IF NOT EXISTS `order_recript` (
  `id` int(11) NOT NULL AUTO_INCREMENT,
  `r_id` int(11) NOT NULL,
  `username` varchar(25) NOT NULL,
  `tableNum` varchar(4) NOT NULL,
  `foodID` int(11) NOT NULL,
  `foodNum` int(11) NOT NULL DEFAULT '1',
  `price` int(11) NOT NULL,
  `status` int(11) NOT NULL DEFAULT '0',
  `ORTIME` timestamp NOT NULL DEFAULT CURRENT_TIMESTAMP,
  `maketime` datetime NOT NULL,
  PRIMARY KEY (`id`),
  KEY `id` (`id`)
) ENGINE=InnoDB  DEFAULT CHARSET=utf8 AUTO_INCREMENT=146 ;

--
-- dump ตาราง `order_recript`
--

INSERT INTO `order_recript` (`id`, `r_id`, `username`, `tableNum`, `foodID`, `foodNum`, `price`, `status`, `ORTIME`, `maketime`) VALUES
(1, 1, 'admin', 'S03', 2, 1, 29, 2, '2017-05-21 15:57:23', '2017-05-21 23:35:00'),
(2, 1, 'admin', 'S03', 1, 1, 149, 2, '2017-05-21 16:11:51', '2017-05-21 16:38:15'),
(3, 2, 'Guest[wd]', 'S02', 1, 1, 149, 1, '2017-05-21 16:52:05', '2017-05-21 17:02:22'),
(4, 2, 'Guest[wd]', 'S02', 11, 1, 59, 1, '2017-05-21 16:52:08', '2017-05-21 16:54:14'),
(5, 1, 'admin', 'S03', 1, 1, 149, 2, '2017-05-21 16:52:24', '2017-05-21 17:05:42'),
(6, 2, 'Guest[wd]', 'S02', 1, 1, 149, 1, '2017-05-21 16:53:12', '2017-05-21 17:04:17'),
(7, 2, 'Guest[wd]', 'S02', 2, 1, 29, 1, '2017-05-21 16:53:14', '2017-05-21 16:54:21'),
(8, 2, 'Guest[wd]', 'S02', 10, 1, 59, 0, '2017-05-21 16:54:46', '0000-00-00 00:00:00'),
(9, 1, 'admin', 'S03', 2, 1, 29, 2, '2017-05-21 16:56:49', '2017-05-21 17:02:01'),
(10, 3, 'Guest[ไก่]', 'S02', 1, 2, 298, 1, '2017-05-21 16:57:27', '2017-05-21 17:03:02'),
(11, 3, 'Guest[ไก่]', 'S02', 10, 2, 118, 1, '2017-05-21 16:57:32', '2017-05-22 00:03:14'),
(12, 3, 'Guest[ไก่]', 'S02', 19, 3, 30, 1, '2017-05-21 16:57:37', '2017-05-22 00:03:30'),
(13, 1, 'admin', 'S03', 6, 1, 129, 2, '2017-05-21 17:00:52', '2017-05-22 00:06:01'),
(14, 1, 'admin', 'S03', 5, 1, 59, 2, '2017-05-21 17:00:55', '2017-05-22 00:06:14'),
(15, 4, 'Guest[ไก่]', 'S10', 1, 1, 149, 2, '2017-05-21 17:04:16', '2017-05-22 00:11:13'),
(16, 4, 'Guest[ไก่]', 'S10', 2, 1, 29, 1, '2017-05-21 17:04:18', '0000-00-00 00:00:00'),
(17, 4, 'Guest[ไก่]', 'S10', 3, 1, 99, 1, '2017-05-21 17:04:19', '0000-00-00 00:00:00'),
(18, 4, 'Guest[ไก่]', 'S10', 19, 1, 10, 1, '2017-05-21 17:04:25', '0000-00-00 00:00:00'),
(19, 1, 'admin', 'S03', 2, 1, 29, 2, '2017-05-21 17:05:49', '2017-05-22 00:10:58'),
(20, 5, 'Guest[ไก่]', 'S01', 1, 2, 298, 2, '2017-05-21 17:17:38', '2017-05-22 00:23:20'),
(21, 5, 'Guest[ไก่]', 'S01', 6, 2, 258, 2, '2017-05-21 17:17:43', '2017-05-22 00:25:22'),
(22, 5, 'Guest[ไก่]', 'S01', 15, 2, 98, 2, '2017-05-21 17:17:50', '2017-05-22 00:22:19'),
(23, 6, 'nick1234', 'S10', 1, 1, 149, 2, '2017-05-22 02:27:13', '2017-05-22 09:35:31'),
(24, 6, 'nick1234', 'S10', 11, 1, 59, 2, '2017-05-22 02:27:16', '2017-05-22 09:33:13'),
(25, 6, 'nick1234', 'S10', 21, 1, 15, 2, '2017-05-22 02:27:19', '2017-05-22 09:30:43'),
(26, 7, 'Guest[ไก่อีกละ]', 'S01', 1, 1, 149, 1, '2017-05-22 05:59:32', '0000-00-00 00:00:00'),
(27, 7, 'Guest[ไก่อีกละ]', 'S01', 2, 1, 29, 1, '2017-05-22 05:59:33', '0000-00-00 00:00:00'),
(28, 7, 'Guest[ไก่อีกละ]', 'S01', 3, 1, 99, 1, '2017-05-22 05:59:35', '0000-00-00 00:00:00'),
(29, 8, 'Guest[ไก่อีกละ]', 'S01', 1, 1, 149, 2, '2017-05-22 06:27:04', '2017-05-22 13:32:32'),
(30, 8, 'Guest[ไก่อีกละ]', 'S01', 11, 1, 59, 2, '2017-05-22 06:27:07', '2017-05-22 13:30:59'),
(31, 8, 'Guest[ไก่อีกละ]', 'S01', 19, 1, 10, 2, '2017-05-22 06:27:09', '2017-05-22 13:29:11'),
(32, 8, 'Guest[ไก่อีกละ]', 'S01', 2, 1, 29, 2, '2017-05-22 06:31:44', '2017-05-22 13:34:01'),
(33, 9, 'Guest[ไก่]', 'S01', 1, 1, 149, 2, '2017-05-22 06:33:18', '2017-05-22 13:40:39'),
(34, 9, 'Guest[ไก่]', 'S01', 11, 1, 59, 2, '2017-05-22 06:36:18', '2017-05-22 13:39:27'),
(35, 10, 'Guest[ไก่อีกละนะ]', 'S01', 1, 1, 149, 2, '2017-05-22 06:37:28', '2017-05-22 13:42:52'),
(36, 10, 'Guest[ไก่อีกละนะ]', 'S01', 2, 1, 29, 2, '2017-05-22 06:37:30', '2017-05-22 13:39:55'),
(37, 10, 'Guest[ไก่อีกละนะ]', 'S01', 11, 1, 59, 2, '2017-05-22 06:37:32', '2017-05-22 13:40:57'),
(38, 10, 'Guest[ไก่อีกละนะ]', 'S01', 12, 1, 59, 2, '2017-05-22 06:37:33', '2017-05-22 13:41:16'),
(39, 10, 'Guest[ไก่อีกละนะ]', 'S01', 19, 1, 10, 2, '2017-05-22 06:37:36', '2017-05-22 13:39:18'),
(40, 10, 'Guest[ไก่อีกละนะ]', 'S01', 24, 1, 25, 2, '2017-05-22 06:37:39', '2017-05-22 13:40:20'),
(41, 11, 'nick1234', 'S01', 6, 1, 129, 2, '2017-05-22 10:43:46', '2017-05-22 17:51:27'),
(42, 11, 'nick1234', 'S01', 15, 1, 49, 2, '2017-05-22 10:43:58', '2017-05-22 17:48:31'),
(43, 11, 'nick1234', 'S01', 19, 1, 10, 2, '2017-05-22 10:44:03', '2017-05-22 17:47:36'),
(44, 11, 'nick1234', 'S01', 24, 1, 25, 2, '2017-05-22 10:44:10', '2017-05-22 17:52:03'),
(45, 12, 'nick1234', 'S01', 6, 1, 129, 2, '2017-05-22 10:50:52', '2017-05-22 17:58:12'),
(46, 12, 'nick1234', 'S01', 15, 1, 49, 2, '2017-05-22 10:50:56', '2017-05-22 17:55:14'),
(47, 12, 'nick1234', 'S01', 19, 1, 10, 2, '2017-05-22 10:51:01', '2017-05-22 17:54:18'),
(48, 12, 'nick1234', 'S01', 24, 1, 25, 2, '2017-05-22 10:51:03', '2017-05-22 17:55:21'),
(49, 13, 'Guest[ไก่อีกละมั้ง]', 'S01', 6, 3, 387, 2, '2017-05-23 12:20:44', '2017-05-23 19:27:27'),
(50, 13, 'Guest[ไก่อีกละมั้ง]', 'S01', 10, 3, 177, 2, '2017-05-23 12:20:58', '2017-05-23 19:25:30'),
(51, 13, 'Guest[ไก่อีกละมั้ง]', 'S01', 24, 2, 50, 2, '2017-05-23 12:21:03', '2017-05-23 19:24:32'),
(52, 13, 'Guest[ไก่อีกละมั้ง]', 'S01', 2, 1, 29, 2, '2017-05-23 12:22:05', '2017-05-23 19:26:08'),
(53, 13, 'Guest[ไก่อีกละมั้ง]', 'S01', 5, 1, 59, 2, '2017-05-23 12:22:07', '2017-05-23 19:29:10'),
(54, 13, 'Guest[ไก่อีกละมั้ง]', 'S01', 7, 1, 139, 2, '2017-05-23 12:22:11', '2017-05-23 19:29:24'),
(55, 13, 'Guest[ไก่อีกละมั้ง]', 'S01', 12, 1, 59, 2, '2017-05-23 12:22:14', '2017-05-23 19:27:22'),
(56, 13, 'Guest[ไก่อีกละมั้ง]', 'S01', 19, 1, 10, 2, '2017-05-23 12:22:16', '2017-05-23 19:25:13'),
(57, 14, 'Guest[ไก่]', 'S05', 1, 1, 149, 1, '2017-05-24 07:33:40', '0000-00-00 00:00:00'),
(58, 14, 'Guest[ไก่]', 'S05', 2, 1, 29, 1, '2017-05-24 07:33:41', '0000-00-00 00:00:00'),
(59, 14, 'Guest[ไก่]', 'S05', 3, 1, 99, 1, '2017-05-24 07:33:43', '0000-00-00 00:00:00'),
(60, 15, 'Guest[Methinee]', 'S01', 11, 1, 59, 2, '2017-05-25 09:19:06', '2017-05-25 16:22:24'),
(67, 17, 'Guest[ไก่]', 'S05', 8, 1, 139, 2, '2017-05-26 14:05:28', '2017-05-26 21:11:31'),
(68, 17, 'Guest[ไก่]', 'S05', 19, 1, 10, 2, '2017-05-26 14:05:33', '2017-05-26 21:08:14'),
(69, 18, 'Guest[Pipe]', 'S05', 1, 1, 149, 1, '2017-06-01 04:32:18', '0000-00-00 00:00:00'),
(70, 18, 'Guest[Pipe]', 'S05', 2, 25, 725, 1, '2017-06-01 04:32:22', '0000-00-00 00:00:00'),
(71, 19, 'Guest[Pipe]', 'S09', 3, 10, 990, 2, '2017-09-13 07:18:12', '2017-09-13 14:22:34'),
(72, 19, 'Guest[Pipe]', 'S09', 6, 1, 129, 2, '2017-09-13 07:18:22', '2017-09-13 14:24:51'),
(73, 19, 'Guest[Pipe]', 'S09', 5, 1, 59, 2, '2017-09-13 07:18:28', '2017-09-13 14:24:55'),
(74, 19, 'Guest[Pipe]', 'S09', 24, 1, 25, 2, '2017-09-13 07:18:52', '2017-09-13 14:22:00'),
(75, 19, 'Guest[Pipe]', 'S09', 2, 1, 29, 2, '2017-09-13 07:20:23', '2017-09-13 14:22:45'),
(76, 20, '123123test', 'S07', 1, 1, 149, 1, '2018-02-06 08:28:23', '0000-00-00 00:00:00'),
(78, 20, '123123test', 'S07', 5, 1, 59, 1, '2018-02-06 08:28:36', '0000-00-00 00:00:00'),
(79, 20, '123123test', 'S07', 3, 1, 99, 1, '2018-02-06 08:28:39', '0000-00-00 00:00:00'),
(80, 20, '123123test', 'S07', 11, 1, 59, 1, '2018-02-06 08:29:11', '0000-00-00 00:00:00'),
(81, 20, '123123test', 'S07', 18, 1, 29, 1, '2018-02-06 08:29:15', '0000-00-00 00:00:00'),
(82, 20, '123123test', 'S07', 13, 1, 59, 1, '2018-02-06 08:29:19', '0000-00-00 00:00:00'),
(83, 20, '123123test', 'S07', 27, 1, 20, 1, '2018-02-06 08:29:48', '0000-00-00 00:00:00'),
(84, 20, '123123test', 'S07', 19, 1, 10, 1, '2018-02-06 08:29:51', '0000-00-00 00:00:00'),
(85, 20, '123123test', 'S07', 20, 9, 135, 1, '2018-02-06 08:29:59', '0000-00-00 00:00:00'),
(86, 21, 'admin', 'S01', 1, 1, 149, 1, '2018-02-08 05:11:14', '0000-00-00 00:00:00'),
(87, 21, 'admin', 'S01', 1, 3, 447, 1, '2018-02-08 05:11:18', '0000-00-00 00:00:00'),
(88, 22, 'Guest[555]', 'S04', 1, 1, 149, 1, '2018-02-08 05:12:00', '0000-00-00 00:00:00'),
(90, 24, 'admin', 'S01', 1, 1, 149, 1, '2018-02-08 05:16:24', '0000-00-00 00:00:00'),
(91, 24, 'admin', 'S01', 2, 1, 29, 1, '2018-02-08 05:16:29', '0000-00-00 00:00:00'),
(93, 26, 'Guest[ABC]', 'S06', 2, 1, 29, 1, '2018-03-06 13:06:15', '0000-00-00 00:00:00'),
(95, 26, 'Guest[ABC]', 'S06', 5, 50, 2950, 1, '2018-03-06 13:06:31', '0000-00-00 00:00:00'),
(96, 27, 'Guest[FWQWF]', 'S04', 1, 1, 149, 2, '2018-03-06 13:08:26', '2018-03-06 20:13:42'),
(98, 27, 'Guest[FWQWF]', 'S04', 11, 50, 2950, 2, '2018-03-06 13:10:26', '2018-03-06 20:13:34'),
(99, 28, 'Guest[TEST]', 'S03', 1, 1, 149, 1, '2018-03-06 13:28:33', '0000-00-00 00:00:00'),
(100, 30, 'Guest[sss]', 'S03', 1, 1, 149, 0, '2018-04-16 08:15:52', '0000-00-00 00:00:00'),
(101, 30, 'Guest[sss]', 'S03', 2, 1, 29, 0, '2018-04-16 08:15:54', '0000-00-00 00:00:00'),
(102, 30, 'Guest[sss]', 'S03', 3, 1, 99, 0, '2018-04-16 08:15:56', '0000-00-00 00:00:00'),
(103, 30, 'Guest[sss]', 'S03', 4, 1, 199, 0, '2018-04-16 08:16:00', '0000-00-00 00:00:00'),
(104, 30, 'Guest[sss]', 'S03', 1, 2, 298, 0, '2018-04-16 08:16:08', '0000-00-00 00:00:00'),
(108, 32, 'nick555', 'S01', 1, 2, 298, 2, '2018-07-29 13:33:24', '2018-07-29 20:39:57'),
(111, 32, 'nick555', 'S01', 3, 1, 99, 2, '2018-07-29 13:33:44', '2018-07-29 20:38:15'),
(112, 32, 'nick555', 'S01', 10, 1, 59, 2, '2018-07-29 13:33:49', '2018-07-29 20:38:17'),
(113, 32, 'nick555', 'S01', 20, 1, 15, 2, '2018-07-29 13:33:54', '2018-07-29 20:36:19'),
(114, 32, 'nick555', 'S01', 15, 1, 49, 2, '2018-07-29 13:36:32', '2018-07-29 20:38:44'),
(115, 32, 'nick555', 'S01', 10, 4, 236, 2, '2018-07-29 13:36:36', '2018-07-29 20:39:48'),
(116, 35, 'Guest[วะ]', 'S10', 3, 3, 297, 2, '2018-07-29 13:41:06', '2018-07-29 20:44:53'),
(120, 35, 'Guest[วะ]', 'S10', 4, 1, 199, 2, '2018-07-29 13:41:15', '2018-07-29 20:46:57'),
(123, 33, 'Guest[นิค]', 'S02', 12, 1, 59, 1, '2018-07-29 13:41:17', '0000-00-00 00:00:00'),
(124, 33, 'Guest[นิค]', 'S02', 19, 1, 10, 1, '2018-07-29 13:41:18', '0000-00-00 00:00:00'),
(125, 33, 'Guest[นิค]', 'S02', 20, 1, 15, 1, '2018-07-29 13:41:19', '0000-00-00 00:00:00'),
(126, 33, 'Guest[นิค]', 'S02', 21, 1, 15, 1, '2018-07-29 13:41:20', '0000-00-00 00:00:00'),
(127, 35, 'Guest[วะ]', 'S10', 25, 1, 20, 2, '2018-07-29 13:41:37', '2018-07-29 20:44:00'),
(129, 36, 'Guest[ประติมาพร]', 'S01', 6, 1, 129, 1, '2018-11-05 08:44:55', '0000-00-00 00:00:00'),
(130, 36, 'Guest[ประติมาพร]', 'S01', 5, 1, 59, 1, '2018-11-05 08:45:05', '0000-00-00 00:00:00'),
(131, 36, 'Guest[ประติมาพร]', 'S01', 10, 1, 59, 1, '2018-11-05 08:45:09', '0000-00-00 00:00:00'),
(133, 36, 'Guest[ประติมาพร]', 'S01', 20, 2, 30, 1, '2018-11-05 08:45:34', '0000-00-00 00:00:00'),
(134, 37, 'Guest[Name]', 'S06', 1, 1, 149, 1, '2019-01-08 15:51:45', '0000-00-00 00:00:00'),
(135, 37, 'Guest[Name]', 'S06', 3, 1, 99, 1, '2019-01-08 15:51:47', '0000-00-00 00:00:00'),
(136, 37, 'Guest[Name]', 'S06', 5, 1, 59, 1, '2019-01-08 15:51:49', '0000-00-00 00:00:00'),
(137, 37, 'Guest[Name]', 'S06', 15, 1, 49, 1, '2019-01-08 15:52:01', '0000-00-00 00:00:00'),
(138, 39, 'Guest[nook]', 'S05', 1, 1, 149, 1, '2019-03-13 05:41:04', '0000-00-00 00:00:00'),
(139, 39, 'Guest[nook]', 'S05', 19, 1, 10, 1, '2019-03-13 05:41:25', '0000-00-00 00:00:00'),
(140, 39, 'Guest[nook]', 'S05', 10, 1, 59, 1, '2019-03-13 05:41:36', '0000-00-00 00:00:00'),
(141, 39, 'Guest[nook]', 'S05', 12, 1, 59, 1, '2019-03-13 05:41:41', '0000-00-00 00:00:00'),
(142, 39, 'Guest[nook]', 'S05', 15, 1, 49, 1, '2019-03-13 05:41:47', '0000-00-00 00:00:00'),
(143, 41, 'porly', 'S05', 1, 2, 298, 1, '2019-06-06 15:08:58', '0000-00-00 00:00:00'),
(144, 41, 'porly', 'S05', 10, 1, 59, 1, '2019-06-06 15:09:09', '0000-00-00 00:00:00'),
(145, 41, 'porly', 'S05', 20, 1, 15, 1, '2019-06-06 15:09:14', '0000-00-00 00:00:00');

-- --------------------------------------------------------

--
-- โครงสร้างตาราง `receipt`
--

CREATE TABLE IF NOT EXISTS `receipt` (
  `id` int(11) NOT NULL AUTO_INCREMENT,
  `username` varchar(25) NOT NULL,
  `tableNum` varchar(4) NOT NULL,
  `sumary` float NOT NULL DEFAULT '0',
  `status` int(11) NOT NULL DEFAULT '0',
  `STTIME` timestamp NOT NULL DEFAULT CURRENT_TIMESTAMP,
  `discount` int(11) NOT NULL DEFAULT '0',
  `nat` double NOT NULL,
  PRIMARY KEY (`id`),
  KEY `id` (`id`)
) ENGINE=InnoDB  DEFAULT CHARSET=utf8 AUTO_INCREMENT=42 ;

--
-- dump ตาราง `receipt`
--

INSERT INTO `receipt` (`id`, `username`, `tableNum`, `sumary`, `status`, `STTIME`, `discount`, `nat`) VALUES
(1, 'admin', 'S03', 573, 2, '2017-05-21 15:57:13', 5, 544.35),
(2, 'Guest[wd]', 'S02', 386, 2, '2017-05-21 16:43:59', 0, 386),
(3, 'Guest[ไก่]', 'S02', 446, 2, '2017-05-21 16:57:22', 0, 446),
(4, 'Guest[ไก่]', 'S10', 287, 2, '2017-05-21 17:02:53', 0, 287),
(5, 'Guest[ไก่]', 'S01', 654, 2, '2017-05-21 17:17:33', 0, 654),
(6, 'nick1234', 'S10', 223, 2, '2017-05-22 02:27:11', 5, 211.85),
(7, 'Guest[ไก่อีกละ]', 'S01', 277, 2, '2017-05-22 05:59:30', 0, 277),
(8, 'Guest[ไก่อีกละ]', 'S01', 247, 2, '2017-05-22 06:27:02', 0, 247),
(9, 'Guest[ไก่]', 'S01', 208, 2, '2017-05-22 06:33:14', 0, 208),
(10, 'Guest[ไก่อีกละนะ]', 'S01', 331, 2, '2017-05-22 06:37:22', 0, 331),
(11, 'nick1234', 'S01', 213, 2, '2017-05-22 10:43:41', 5, 202.35),
(12, 'nick1234', 'S01', 213, 2, '2017-05-22 10:50:49', 5, 202.35),
(13, 'Guest[ไก่อีกละมั้ง]', 'S01', 910, 2, '2017-05-23 12:19:53', 0, 910),
(14, 'Guest[ไก่]', 'S05', 277, 2, '2017-05-24 07:33:37', 0, 277),
(15, 'Guest[Methinee]', 'S01', 59, 2, '2017-05-25 09:18:34', 0, 59),
(16, 'nick1234', 'S10', 114, 0, '2017-05-25 09:21:16', 5, 108.3),
(17, 'Guest[ไก่]', 'S05', 149, 2, '2017-05-26 14:05:16', 0, 149),
(18, 'Guest[Pipe]', 'S05', 874, 2, '2017-06-01 04:32:08', 0, 874),
(19, 'Guest[Pipe]', 'S09', 1232, 2, '2017-09-13 07:17:44', 0, 1232),
(20, '123123test', 'S07', 619, 2, '2018-02-06 08:28:08', 5, 588.05),
(21, 'admin', 'S01', 596, 2, '2018-02-08 05:11:04', 5, 566.2),
(22, 'Guest[555]', 'S04', 149, 2, '2018-02-08 05:11:57', 0, 149),
(23, 'admin', 'S06', 0, 1, '2018-02-08 05:13:01', 5, 0),
(24, 'admin', 'S01', 178, 2, '2018-02-08 05:13:50', 5, 169.1),
(25, 'admin', '', 0, 0, '2018-02-10 16:57:42', 5, 0),
(26, 'Guest[ABC]', 'S06', 2979, 2, '2018-03-06 13:05:55', 0, 2979),
(27, 'Guest[FWQWF]', 'S04', 3099, 2, '2018-03-06 13:07:14', 0, 3099),
(28, 'Guest[TEST]', 'S03', 149, 2, '2018-03-06 13:27:39', 0, 149),
(29, 'Guest[TEST]', 'S04', 0, 0, '2018-03-06 13:32:54', 0, 0),
(31, 'Guest[asdf]', 'S02', 497, 0, '2018-04-27 07:38:13', 0, 497),
(32, 'nick555', 'S01', 756, 2, '2018-07-29 13:32:58', 5, 718.2),
(33, 'Guest[นิค]', 'S02', 99, 2, '2018-07-29 13:38:24', 0, 99),
(34, 'Guest[นิค2]', 'S10', 0, 0, '2018-07-29 13:40:04', 0, 0),
(35, 'Guest[วะ]', 'S10', 516, 2, '2018-07-29 13:40:23', 0, 516),
(36, 'Guest[ประติมาพร]', 'S01', 277, 2, '2018-11-05 08:44:19', 0, 277),
(37, 'Guest[Name]', 'S06', 356, 2, '2019-01-08 15:51:42', 0, 356),
(38, 'Guest[Nick]', 'S10', 0, 1, '2019-03-13 05:38:11', 0, 0),
(39, 'Guest[nook]', 'S05', 326, 1, '2019-03-13 05:40:35', 0, 326),
(40, 'Guest[asdf]', 'S01', 0, 0, '2019-05-14 07:52:52', 0, 0),
(41, 'porly', 'S05', 372, 1, '2019-06-06 15:08:12', 5, 353.4);

-- --------------------------------------------------------

--
-- โครงสร้างตาราง `table`
--

CREATE TABLE IF NOT EXISTS `table` (
  `id` varchar(4) NOT NULL,
  `status` int(11) NOT NULL DEFAULT '0',
  PRIMARY KEY (`id`)
) ENGINE=InnoDB DEFAULT CHARSET=utf8;

--
-- dump ตาราง `table`
--

INSERT INTO `table` (`id`, `status`) VALUES
('S01', 1),
('S02', 0),
('S03', 0),
('S04', 0),
('S05', 0),
('S06', 0),
('S07', 0),
('S08', 0),
('S09', 0),
('S10', 0);

/*!40101 SET CHARACTER_SET_CLIENT=@OLD_CHARACTER_SET_CLIENT */;
/*!40101 SET CHARACTER_SET_RESULTS=@OLD_CHARACTER_SET_RESULTS */;
/*!40101 SET COLLATION_CONNECTION=@OLD_COLLATION_CONNECTION */;
